{"lastDeploymentHandler":"com.petfinder.rdscdc.sync.RdsCdcReceiver","lastInvokeHandler":"com.petfinder.rdscdc.sync.RdsCdcReceiver","handlerMetadata":{"com.petfinder.rdscdc.sync.RdsCdcReceiver":{"deployment":{"regionId":"us-east-1","awsLambdaFunctionName":"RdsCdcReceiver","awsIamRoleName":"rdscdcsync_lambda_execution","awsS3BucketName":"aws-glue-temporary-462477274376-us-east-1","memory":0,"timeout":0},"invoke":{"selectJsonFile":false,"invokeJsonFile":"","selectJsonInput":true,"invokeInput":"","showLiveLog":true}}},"lastInvokedHandlerDeployed":true}